id	gamma	Nsteps	stepsize	Nchians	KSD	run_time	NaNratio
1	0.2	10	0.0973176920264914	15	0.29684641738892287	14.311387027	0.0
1	0.2	20	0.07259793421770794	15	0.31956201061698136	9.703492013	0.0
